CSP_ID	SCORED_TICKETS	WITHIN_TAT	BREACHED	KAPTURE_FIRST_ANY	SYNC_LOSS	UNFAIR_BREACH
a0b7a3	203	5	198	178	23	23
a0b9x0	285	53	232	63	14	14
a0b6l5	338	52	229	235	11	10
a0b6k3	113	38	75	49	10	10
a0b7i3	154	21	130	68	9	9
a0b6h3	339	24	251	240	10	7
a0b5s8	106	10	94	53	7	6
a0b6p6	63	33	28	18	6	6
a0b9e3	131	47	70	40	5	5
a0b6w0	106	48	58	16	5	5
a0b9u4	49	17	32	11	5	5
a0b5q1	237	129	106	23	4	4
a0b7d5	234	135	98	21	4	4
a0b6s7	195	168	27	8	4	4
a0b6b1	169	116	53	16	4	4
a0b8q3	162	90	71	16	4	4
a0b6o2	132	99	33	12	4	4
a0b9p9	107	67	40	15	4	4
a0a7e7	105	46	59	22	4	4
a0b9h9	72	42	30	17	4	4
a0b6l4	72	19	46	33	4	4
a0b9q0	51	13	29	26	5	4
a0b5s1	40	3	19	32	4	4
a0b6p4	155	109	45	15	3	3
a0b9z3	143	111	32	5	3	3
a0b6x2	137	64	51	32	3	3
a0b6v6	135	96	39	9	3	3
a0b9w6	110	27	65	35	3	3
a0c0h2	101	2	45	88	9	3
a0b6s6	98	52	46	15	3	3
a0b6v7	83	45	37	15	3	3
a0b9l3	76	2	51	68	7	3
a0c0d8	72	24	48	18	3	3
a0b8z1	72	49	23	5	3	3
a0b5n8	54	15	39	7	3	3
a0b9t4	16	7	9	5	3	3
a0b6o1	338	260	77	10	2	2
a0b9v7	331	260	71	15	2	2
a0b9n7	196	102	94	16	2	2
a0b8s5	190	158	32	18	2	2
a0b9p1	161	120	41	4	2	2
a0a7b0	160	128	31	5	2	2
a0b6b0	122	67	35	33	4	2
a0b6a4	108	87	21	5	2	2
a0a6y4	108	74	34	10	2	2
a0b5r5	107	98	9	3	2	2
a0a7a2	93	82	11	3	2	2
a0b6n4	88	50	38	5	2	2
a0a7a7	88	54	34	12	2	2
a0b5q0	88	60	28	9	2	2
a0b9r9	83	78	5	5	2	2
a0b7i8	79	52	27	5	2	2
a0b6k5	72	35	37	9	2	2
a0b7g0	70	44	26	8	2	2
a0b6p2	66	30	36	5	2	2
a0a7h1	60	49	11	7	2	2
a0b8s6	56	19	31	18	2	2
a0b8r2	56	18	38	14	2	2
a0b9j9	53	33	20	5	2	2
a0b6k4	53	24	29	6	2	2
a0b6v4	53	29	24	8	2	2
a0a7h2	50	21	29	12	2	2
a0b5p4	46	31	14	9	2	2
a0b5q2	45	29	16	10	5	2
a0b5z3	42	19	20	14	3	2
a0b8q8	40	19	20	8	2	2
a0b5o4	38	21	14	7	2	2
a0b6c4	34	6	28	10	2	2
a0b5w7	31	6	19	19	2	2
a0b7f3	31	15	12	10	2	2
a0b7h9	31	5	16	15	2	2
a0b9a6	29	17	12	3	2	2
a0c0a1	27	23	4	2	2	2
a0b9f2	26	13	13	6	2	2
a0b9t3	25	15	10	4	2	2
a0b6e7	24	10	11	6	2	2
a0a7b2	22	15	7	2	2	2
a0b5p0	21	4	15	5	2	2
a0b6z7	18	2	13	13	4	2
a0b5o2	407	338	69	18	2	1
a0b6j9	359	333	26	9	1	1
a0b9c0	295	276	18	7	1	1
a0b9k4	271	244	27	7	1	1
a0c0d2	260	199	61	8	1	1
a0b6d8	239	234	5	13	6	1
a0b9v1	213	183	28	12	1	1
a0b5n4	207	146	60	14	1	1
a0c0b8	184	162	22	6	1	1
a0b6h5	178	131	47	5	1	1
a0b7g1	169	79	89	9	2	1
a0b8p3	168	146	22	7	1	1
a0b7d7	163	140	23	7	1	1
a0b8o8	154	135	19	5	1	1
a0c0b0	147	103	44	6	1	1
a0c0g4	137	91	46	9	1	1
a0b6r2	136	117	19	10	1	1
a0b8v9	118	111	7	2	1	1
a0b6g7	118	95	23	10	1	1
a0b8o2	114	109	5	8	1	1
a0b5s0	112	83	29	4	1	1
a0b9k9	109	92	17	5	1	1
a0b9r2	102	59	35	17	1	1
a0b9v9	98	86	12	3	1	1
a0b6e8	97	62	34	12	2	1
a0b8t0	93	4	2	89	11	1
a0b6q2	93	67	26	2	1	1
a0a6z7	92	81	11	4	1	1
a0b6z2	90	66	24	3	1	1
a0b9y1	88	59	28	7	1	1
a0b6c5	86	65	21	8	1	1
a0b9i8	83	81	2	7	1	1
a0a7h0	82	66	16	4	1	1
a0b9m1	81	64	17	3	1	1
a0b6m6	81	69	12	5	1	1
a0b8w3	79	65	14	6	1	1
a0b5n9	78	18	51	45	1	1
a0b9k7	76	41	35	11	1	1
a0b9j1	74	53	21	4	1	1
a0b5x0	73	44	29	10	1	1
a0b7g2	73	55	17	2	1	1
a0b7i4	73	67	6	1	1	1
a0b7c5	72	21	46	28	1	1
a0b9e7	67	24	28	23	3	1
a0b7j3	66	35	29	12	2	1
a0b9z8	65	56	9	1	1	1
a0b6s9	65	45	20	3	1	1
a0b5o0	64	44	20	4	1	1
a0b5o1	63	59	4	1	1	1
a0b8x6	60	24	36	10	1	1
a0a7e3	60	54	4	3	1	1
a0b7a1	60	47	13	3	1	1
a0b9m7	58	41	14	10	2	1
a0b9x2	55	34	20	5	1	1
a0b8q1	54	4	46	45	2	1
a0b6a3	52	41	11	3	1	1
a0b5x9	51	17	34	13	1	1
a0b9n6	51	45	6	3	1	1
a0c0b6	49	27	21	11	1	1
a0b9r0	48	35	13	2	1	1
a0b8r9	48	29	19	2	1	1
a0b7e2	47	31	16	4	1	1
a0b6q3	47	39	8	1	1	1
a0b9t2	47	39	8	5	1	1
a0b8v4	46	32	14	4	1	1
a0b9h8	46	27	19	2	1	1
a0c0a8	45	13	32	7	1	1
a0a7f5	44	23	21	4	2	1
a0c0e6	44	24	20	6	1	1
a0b5r2	43	10	33	14	1	1
a0b9x5	43	39	4	2	1	1
a0b7c9	43	9	34	10	1	1
a0b6t4	42	23	19	5	1	1
a0b8t8	42	16	25	5	1	1
a0b8s1	41	35	6	1	1	1
a0b6q4	41	30	11	1	1	1
a0a7b6	40	36	4	4	2	1
a0b9h3	40	36	4	3	1	1
a0b5s7	40	34	6	1	1	1
a0b8q7	39	21	18	6	1	1
a0b6v1	37	24	13	3	1	1
a0c0h5	36	13	23	9	1	1
a0b9h6	36	17	19	5	1	1
a0b5r4	35	31	4	4	1	1
a0b5n6	34	32	2	1	1	1
a0b7i6	34	28	6	3	1	1
a0b7h1	33	12	21	8	1	1
a0b6h6	33	10	23	16	1	1
a0b5q5	32	26	6	2	1	1
a0b5m8	32	20	12	1	1	1
a0b9t0	30	17	13	9	1	1
a0b8v0	30	18	12	7	1	1
a0b9z7	29	12	17	3	1	1
a0a6z2	29	22	7	4	1	1
a0c0h8	28	12	16	3	1	1
a0c0f7	27	5	21	3	1	1
a0b7b9	26	22	4	2	1	1
a0b5y7	26	22	4	2	1	1
a0b6d1	25	10	15	6	1	1
a0c0d3	24	0	10	23	1	1
a0b7d6	23	16	7	3	1	1
a0b9m2	22	8	14	9	1	1
a0c0c6	21	12	9	6	1	1
a0b7f0	21	12	9	6	1	1
a0c0d7	20	15	5	3	1	1
a0a7e9	19	10	9	2	1	1
a0b6e2	19	12	7	2	1	1
a0b6x1	19	16	3	2	1	1
a0a7d8	18	12	6	3	1	1
a0b7h6	18	0	9	17	2	1
a0c0h4	17	5	12	9	1	1
a0b7d8	17	15	2	1	1	1
a0b6j8	16	15	1	1	1	1
a0b9u0	16	10	6	4	1	1
a0b7b1	16	7	9	6	1	1
a0b6u6	15	5	10	5	1	1
a0b9h7	15	2	9	7	1	1
a0b6x3	15	10	5	3	1	1
a0b9u5	14	9	5	1	1	1
a0a7d1	14	7	7	2	1	1
a0b5x4	14	0	2	13	1	1
a0b6u3	12	4	7	4	1	1
a0b6r6	12	6	6	5	1	1
a0b9v0	12	10	2	1	1	1
a0b8v6	11	3	8	5	1	1
a0a7c6	11	1	9	7	1	1
a0b9f3	10	2	8	4	1	1
a0b8v2	10	4	6	1	1	1
a0c0e8	9	0	9	3	1	1
a0c0i6	9	2	7	6	1	1
a0b6i2	8	1	6	4	1	1
a0b6n2	6	1	5	3	1	1
a0b7h2	6	2	3	5	1	1
a0b6b6	5	0	5	4	1	1
a0b5m9	4	2	2	1	1	1
a0a9s3	2	1	1	1	1	1
a0b6y0	1	0	1	1	1	1
a0b7f6	387	334	52	8	0	0
a0b8v8	305	297	8	10	0	0
a0b8z7	300	285	15	7	0	0
a0b9l1	277	270	7	5	0	0
a0b8w2	228	214	14	7	0	0
a0b7g7	210	182	28	4	0	0
a0b6b4	209	176	32	9	0	0
a0b6c9	208	185	23	7	0	0
a0a7e4	205	182	23	12	0	0
a0b6c6	204	148	56	7	0	0
a0b6f6	198	148	44	10	0	0
a0b6r5	196	73	4	121	6	0
a0b5u7	182	172	10	7	0	0
a0b6x9	179	175	4	6	0	0
a0b9w5	178	158	20	2	0	0
a0a7b9	173	141	32	3	0	0
a0b6j1	169	143	26	5	0	0
a0b8y8	167	153	13	5	0	0
a0b8r0	166	144	22	6	0	0
a0b9y2	154	142	12	5	1	0
a0b6x8	148	145	3	7	0	0
a0c0a0	148	133	15	1	0	0
a0b8x4	147	124	23	6	0	0
a0a7a3	142	139	3	6	1	0
a0b8o9	137	117	20	1	0	0
a0b6t9	132	127	4	4	0	0
a0b9i3	130	117	13	2	1	0
a0b5v6	128	110	18	1	0	0
a0b6x5	122	121	1	4	1	0
a0b6y1	121	79	42	7	0	0
a0b8v5	121	119	2	8	0	0
a0a7c1	119	119	0	3	1	0
a0b9k1	118	115	3	2	0	0
a0b8y9	118	101	17	6	0	0
a0b5x8	118	105	13	3	0	0
a0b8w6	113	109	4	8	0	0
a0b5v3	110	72	38	13	0	0
a0b9a8	109	104	5	4	0	0
a0a7g5	108	106	2	6	0	0
a0a7b8	106	99	7	6	0	0
a0b9y4	103	94	9	4	0	0
a0b6y6	101	94	7	3	0	0
a0b9s6	101	98	3	3	0	0
a0b3l5	100	98	2	2	0	0
a0b5s4	100	100	0	3	0	0
a0a7a4	98	85	13	2	0	0
a0b9m4	98	78	19	9	0	0
a0b8z5	97	85	12	1	0	0
a0b5t9	95	91	4	2	0	0
a0b6b3	94	74	20	2	0	0
a0b5l9	94	77	17	5	0	0
a0b9n5	93	89	3	9	0	0
a0a7a8	92	57	35	8	0	0
a0b5n2	91	84	7	2	0	0
a0b6o4	91	73	18	3	0	0
a0b9m6	90	80	10	0	0	0
a0c0c8	90	87	0	2	1	0
a0a7a5	90	85	5	1	0	0
a0b5m0	89	72	17	5	0	0
a0b7a7	88	78	10	1	0	0
a0b5x1	88	85	3	2	0	0
a0b6f0	87	82	5	5	0	0
a0b6y3	87	76	11	2	0	0
a0b6u0	87	75	12	0	0	0
a0b8y6	87	81	6	1	0	0
a0b9t7	85	80	5	1	0	0
a0c0e1	85	81	4	1	0	0
a0b9v8	84	84	0	2	1	0
a0b6y5	82	79	3	1	0	0
a0b9f6	82	40	6	42	4	0
a0b9b9	82	69	13	0	0	0
a0b7b7	81	75	6	2	1	0
a0b6f2	81	75	6	3	0	0
a0b9a4	81	75	6	1	0	0
a0a7g6	80	75	5	1	0	0
a0c0g8	79	47	32	5	0	0
a0b5m1	79	63	16	6	0	0
a0b6j2	79	79	0	1	0	0
a0b8w7	79	74	5	4	0	0
a0b7i5	78	69	9	5	0	0
a0a7g7	78	77	1	3	1	0
a0b6p8	77	71	6	3	0	0
a0b7c2	77	69	8	1	0	0
a0b7c6	76	75	1	1	0	0
a0b9j3	75	72	3	4	0	0
a0b8w8	74	71	3	3	0	0
a0b5v4	73	61	12	2	0	0
a0b6g2	73	60	13	2	0	0
a0b9n2	72	50	22	6	0	0
a0a7g1	72	64	8	0	0	0
a0b6h4	72	69	3	3	0	0
a0b7h7	71	66	5	2	0	0
a0b6p0	71	65	6	4	1	0
a0b6v3	70	65	5	1	0	0
a0b8x1	70	50	20	3	0	0
a0b8u7	70	27	43	15	0	0
a0b8v7	70	66	4	4	0	0
a0b9j7	70	70	0	3	0	0
a0b8w1	69	58	11	3	0	0
a0b6i1	69	67	2	2	0	0
a0b6e0	67	65	2	1	0	0
a0a6z8	66	55	11	6	0	0
a0b8r5	66	66	0	3	0	0
a0b9y5	66	52	14	1	0	0
a0b9x8	65	64	1	0	0	0
a0a7g9	64	54	10	2	0	0
a0b5r1	64	54	10	7	0	0
a0a7c5	64	63	1	0	0	0
a0a7d3	64	62	2	2	0	0
a0a6y5	64	42	18	9	1	0
a0b9m3	63	56	7	3	0	0
a0b8y3	63	48	15	5	0	0
a0b6h8	63	54	9	4	0	0
a0c0d9	63	51	12	3	0	0
a0b8s0	62	59	3	2	0	0
a0b7b4	62	52	10	5	0	0
a0b5n7	62	52	10	1	0	0
a0b9v4	62	52	10	4	0	0
a0a7a6	62	46	16	2	1	0
a0b9e2	62	45	17	0	0	0
a0b9a9	61	55	6	5	0	0
a0b9n8	61	0	0	61	3	0
a0b5o6	61	55	6	1	0	0
a0b5u5	61	58	3	1	0	0
a0b8z9	60	54	6	0	0	0
a0a7d5	59	37	8	17	0	0
a0b5m5	59	42	16	3	0	0
a0b6v9	59	57	2	0	0	0
a0b9x7	59	59	0	0	0	0
a0b6a9	58	57	1	1	0	0
a0b5v7	58	53	5	1	0	0
a0b9f1	58	42	16	1	0	0
a0b5n0	58	57	1	1	0	0
a0b9a7	57	32	13	12	0	0
a0b7c3	56	56	0	2	1	0
a0a7c0	56	40	16	4	0	0
a0b8o6	56	23	33	6	0	0
a0b9z4	55	46	9	2	0	0
a0b6f3	55	54	1	3	0	0
a0b5x2	55	51	4	0	0	0
a0b5y5	54	1	0	53	3	0
a0b8u5	54	0	0	54	1	0
a0b8y0	53	52	1	3	0	0
a0b7h8	53	42	11	0	0	0
a0b6h9	53	41	12	2	0	0
a0b6c1	53	51	0	3	0	0
a0b6u8	53	46	7	2	0	0
a0b7c1	53	46	7	3	0	0
a0b9y9	52	48	4	1	0	0
a0b9q4	52	42	10	0	0	0
a0b7h5	52	46	6	3	0	0
a0b5w5	51	49	2	2	0	0
a0b6n7	51	51	0	1	0	0
a0a7b3	51	38	2	11	0	0
a0b8t5	51	43	8	0	0	0
a0b6n9	51	43	8	2	0	0
a0b9o8	50	35	14	6	0	0
a0b8v3	50	45	5	4	0	0
a0b9u7	50	50	0	2	0	0
a0b9r3	50	47	3	2	0	0
a0c0e3	49	49	0	4	0	0
a0b9p2	48	22	26	1	0	0
a0b9t8	48	44	4	0	0	0
a0b6e9	48	47	1	0	0	0
a0b6j6	48	40	8	3	0	0
a0b6m1	47	45	2	2	0	0
a0b6p1	47	40	7	3	0	0
a0a7g0	47	42	5	5	0	0
a0b9y8	47	37	10	1	0	0
a0a8a5	46	41	5	2	0	0
a0c0f1	46	46	0	3	0	0
a0b7i0	46	44	2	1	0	0
a0a7b4	45	39	6	0	0	0
a0b5u1	45	32	13	1	0	0
a0b6a7	45	13	4	28	4	0
a0b6w7	45	37	8	1	0	0
a0b8s7	45	45	0	0	0	0
a0b9b0	44	42	2	2	0	0
a0b9s4	44	40	4	3	0	0
a0b5x5	44	23	20	4	0	0
a0a6z0	43	37	6	1	0	0
a0b9w7	43	37	6	4	0	0
a0b9k6	43	26	17	6	0	0
a0b5x6	43	35	8	1	0	0
a0b9p5	42	39	3	0	0	0
a0a7a9	42	36	6	1	0	0
a0a6z1	42	35	7	2	0	0
a0b7j2	42	38	4	0	0	0
a0a7b1	42	38	4	2	0	0
a0a7b7	41	37	4	0	0	0
a0b6w1	41	40	1	2	0	0
a0c0h6	41	38	3	1	0	0
a0b6i4	41	38	3	1	0	0
a0b6s2	41	22	17	6	0	0
a0b6c7	41	38	3	0	0	0
a0b5o5	41	12	25	18	1	0
a0c0c7	40	31	9	0	0	0
a0b5x3	40	12	28	0	0	0
a0b6f9	40	35	5	4	0	0
a0b9b7	40	22	17	2	0	0
a0b8w5	40	32	8	0	0	0
a0b8y7	40	37	3	1	0	0
a0b6l6	40	39	1	1	0	0
a0b5z0	39	39	0	1	0	0
a0b7j6	39	24	15	5	0	0
a0b9b2	39	36	3	1	0	0
a0b6g1	39	39	0	1	0	0
a0b6t0	39	37	2	0	0	0
a0b6q9	39	5	21	19	1	0
a0b5t3	39	39	0	1	0	0
a0b0a0	39	19	20	4	0	0
a0b8o4	38	25	13	5	0	0
a0b5v8	38	31	7	2	0	0
a0b6t6	38	18	20	3	0	0
a0b8z0	38	30	8	1	0	0
a0b6w8	38	31	7	2	0	0
a0c0c0	38	38	0	3	1	0
a0b8u2	38	34	4	2	0	0
a0b6t3	38	36	2	2	1	0
a0b6o8	37	0	0	37	1	0
a0b6v0	37	27	10	1	0	0
a0b9v5	37	25	12	0	0	0
a0b9y3	37	33	4	0	0	0
a0b6i8	37	35	2	0	0	0
a0b9r8	37	37	0	1	0	0
a0b5z2	36	19	17	3	0	0
a0b6u4	36	8	26	10	0	0
a0a7c7	36	35	1	0	0	0
a0b8t9	36	19	17	2	0	0
a0b9j5	36	28	8	0	0	0
a0c0g9	36	35	1	0	0	0
a0b6h2	36	0	0	36	3	0
a0b0n9	36	34	2	2	0	0
a0b7g3	36	0	0	36	1	0
a0a6y9	36	32	4	1	0	0
a0b9z6	36	34	2	1	0	0
a0c0c9	35	32	3	1	0	0
a0c0f0	35	15	5	14	2	0
a0b6f8	35	34	1	1	0	0
a0b9l6	35	15	18	7	0	0
a0a7b5	35	34	1	0	0	0
a0b0w0	34	29	5	2	0	0
a0b6d6	34	24	10	2	0	0
a0b9b8	34	32	2	2	0	0
a0b5m6	33	24	9	1	0	0
a0b6i6	33	12	21	2	0	0
a0b6n1	33	16	17	2	0	0
a0b9e0	33	27	6	0	0	0
a0c0g0	33	22	11	2	0	0
a0b9m9	33	13	20	8	0	0
a0b7i2	33	19	14	0	0	0
a0c0c1	33	18	15	0	0	0
a0b9g7	33	15	18	7	0	0
a0b6d3	32	31	1	0	0	0
a0b5q7	32	29	3	1	0	0
a0b8u9	32	29	3	0	0	0
a0b9k2	32	29	3	0	0	0
a0b5t1	32	32	0	0	0	0
a0b9c1	32	31	1	0	0	0
a0b6z6	31	1	0	30	3	0
a0b9k0	31	31	0	0	0	0
a0b9y0	31	31	0	1	1	0
a0b6j5	31	29	2	1	0	0
a0a7g2	31	31	0	0	0	0
a0b7a8	31	17	14	2	0	0
a0b9s7	31	17	14	0	0	0
a0b6w2	31	30	1	1	0	0
a0b6r1	31	22	9	1	0	0
a0c0g7	30	16	14	1	0	0
a0b5s5	30	5	14	16	0	0
a0c0f8	30	27	3	3	0	0
a0b7a9	30	30	0	0	0	0
a0b8o1	30	27	3	0	0	0
a0b5q6	30	24	6	0	0	0
a0b6y2	29	27	2	2	0	0
a0b6i0	29	23	6	2	0	0
a0b6b8	29	29	0	2	0	0
a0b6t7	29	16	13	5	0	0
a0c0g1	29	20	9	1	0	0
a0b7a2	29	28	1	1	0	0
a0b5m3	29	26	3	0	0	0
a0c0a2	29	16	13	1	0	0
a0b5q8	29	27	2	1	0	0
a0c0d5	29	28	1	0	0	0
a0c0i5	29	29	0	1	0	0
a0b3m4	29	29	0	0	0	0
a0b5o9	28	16	12	2	0	0
a0b9s5	28	12	9	11	1	0
a0b5v2	28	7	20	10	0	0
a0c0b5	28	26	2	0	0	0
a0b7a6	28	19	9	0	0	0
a0b9d9	28	25	3	2	0	0
a0b3v1	28	28	0	0	0	0
a0a7d9	28	27	1	0	0	0
a0b6l0	27	20	7	2	0	0
a0b6y8	27	24	3	1	0	0
a0b6k1	27	20	7	0	0	0
a0b9a2	27	17	10	3	0	0
a0b9l8	27	23	4	1	0	0
a0b9v2	27	0	0	27	0	0
a0b8z8	27	13	14	1	0	0
a0b7b5	27	26	1	1	0	0
a0a7g8	27	27	0	0	0	0
a0b6l7	27	26	1	1	0	0
a0b6f7	27	0	0	27	1	0
a0b8s3	27	9	14	13	1	0
a0c0e2	26	23	3	0	0	0
a0b5u8	26	24	2	0	0	0
a0b9o2	26	0	0	26	1	0
a0b6z4	26	12	10	5	0	0
a0c0h3	26	14	12	3	0	0
a0b5y0	26	26	0	0	0	0
a0b9c5	26	26	0	1	0	0
a0b6z9	26	3	9	22	0	0
a0b9o4	26	25	1	0	0	0
a0b6u2	25	25	0	2	0	0
a0b6p5	25	19	6	4	0	0
a0b8p0	25	4	21	3	0	0
a0b9g8	25	13	12	4	0	0
a0b5p2	25	20	5	0	0	0
a0b8x5	25	1	9	23	0	0
a0b8t6	25	23	2	0	0	0
a0b6y7	25	25	0	2	1	0
a0a7f4	25	9	16	0	0	0
a0b9i0	25	20	5	0	0	0
a0b9l2	25	13	12	0	0	0
a0b6o9	24	19	5	0	0	0
a0b8p8	24	22	2	0	0	0
a0b9h2	24	19	5	1	0	0
a0b6u9	24	20	4	0	0	0
a0b9w4	24	5	18	13	0	0
a0a6z4	24	24	0	1	0	0
a0b7e3	24	23	1	2	0	0
a0b8s4	24	16	8	2	0	0
a0a9m4	23	21	2	1	0	0
a0b9q5	23	5	18	3	0	0
a0b8w9	23	23	0	1	0	0
a0b6v8	23	21	2	0	0	0
a0b6r4	23	16	7	3	0	0
a0b9q9	23	15	8	5	0	0
a0b6l3	23	23	0	1	0	0
a0b7i7	23	22	1	0	0	0
a0b5p7	22	14	8	0	0	0
a0b9q7	22	6	16	3	0	0
a0b9d8	22	20	2	0	0	0
a0a9o4	22	20	2	1	0	0
a0b9n3	22	12	10	0	0	0
a0b9p4	22	22	0	1	0	0
a0b7j0	22	18	4	1	0	0
a0c0a6	22	22	0	1	0	0
a0b5m4	21	12	9	1	0	0
a0b9b3	21	0	0	21	1	0
a0b5m2	21	15	6	1	0	0
a0c0i0	21	19	2	0	0	0
a0b9p7	21	0	1	20	0	0
a0b9e8	21	17	4	0	0	0
a0b5w2	21	21	0	0	0	0
a0b6l2	21	13	8	1	0	0
a0b8w4	21	20	1	1	0	0
a0b5r3	21	14	7	0	0	0
a0b7g4	21	18	3	0	0	0
a0b6q6	21	17	4	1	0	0
a0b5v9	21	16	5	0	0	0
a0b9t1	21	17	4	3	0	0
a0b7j5	21	19	2	0	0	0
a0b8p7	21	7	4	13	2	0
a0b9q2	20	4	12	13	0	0
a0c0f6	20	17	3	0	0	0
a0a7e6	20	16	4	3	0	0
a0b6f5	20	20	0	1	0	0
a0a9w2	20	18	2	0	0	0
a0b6r7	20	14	6	1	0	0
a0b6a5	20	0	1	19	0	0
a0b9h5	20	1	7	16	0	0
a0b9u6	20	7	10	10	0	0
a0b7f2	20	19	1	2	0	0
a0b6z8	20	17	3	1	0	0
a0b9o6	20	1	4	16	0	0
a0b9u9	20	20	0	1	0	0
a0b9r6	20	6	12	3	0	0
a0c0b1	19	18	1	3	0	0
a0b8x3	19	19	0	0	0	0
a0b6v2	19	12	7	1	0	0
a0b5y1	19	1	7	14	0	0
a0b9l5	19	17	2	1	0	0
a0a9m3	19	12	7	3	0	0
a0b9s9	19	9	10	4	0	0
a0b6k9	18	15	3	2	0	0
a0b7g6	18	18	0	1	0	0
a0b6j7	18	17	1	1	0	0
a0b9f8	18	18	0	2	0	0
a0b6n6	18	12	6	2	0	0
a0c0i4	18	17	1	0	0	0
a0b7e7	18	18	0	0	0	0
a0b6h0	18	8	10	4	0	0
a0b8u3	18	16	2	1	0	0
a0b6y4	18	16	2	0	0	0
a0a7d4	18	16	2	1	0	0
a0b9t6	17	0	0	17	0	0
a0b7g5	17	14	3	0	0	0
a0a7f7	17	14	3	3	1	0
a0b9u8	17	13	4	0	0	0
a0b9q8	17	7	9	6	0	0
a0b9a0	17	2	1	14	0	0
a0b6q5	17	11	6	0	0	0
a0b9b5	17	10	7	3	0	0
a0b6p3	17	17	0	1	0	0
a0b6b5	17	15	2	0	0	0
a0b6t1	17	14	3	2	0	0
a0b9j0	17	12	5	0	0	0
a0b9l4	17	14	3	0	0	0
a0b6m3	16	16	0	1	0	0
a0b6u7	16	12	4	0	0	0
a0b8x0	16	10	6	1	0	0
a0b5w8	16	2	14	8	0	0
a0b9g3	16	16	0	1	0	0
a0b1b5	16	16	0	0	0	0
a0b6o5	16	15	1	1	0	0
a0b5w1	16	15	1	0	0	0
a0b9w0	16	0	2	16	0	0
a0b9d1	16	3	1	12	1	0
a0b6k6	16	13	3	1	0	0
a0b5s6	16	10	6	4	0	0
a0b5s2	16	5	11	2	0	0
a0b0g5	16	14	2	0	0	0
a0b5y6	16	15	1	0	0	0
a0b8o3	16	5	11	5	0	0
a0b8q2	15	14	1	0	0	0
a0b5u9	15	6	9	2	0	0
a0c0a5	15	2	3	13	0	0
a0b5z6	15	14	0	1	0	0
a0b7d0	15	11	4	0	0	0
a0b6d0	15	8	7	2	0	0
a0b6c0	15	14	1	0	0	0
a0b6w5	15	14	1	0	0	0
a0b6n0	15	15	0	0	0	0
a0b7e4	15	15	0	0	0	0
a0b6z5	15	6	9	0	0	0
a0b8r3	15	6	9	7	0	0
a0b9d0	15	0	0	15	1	0
a0b5y9	15	14	1	0	0	0
a0b8q4	15	15	0	1	0	0
a0b7c4	15	9	6	0	0	0
a0b9a5	15	9	6	1	0	0
a0b6n5	15	3	3	12	1	0
a0b6p9	14	12	2	0	0	0
a0b9g6	14	14	0	0	0	0
a0b5w4	14	13	1	0	0	0
a0b6h7	14	11	3	0	0	0
a0b9a1	14	2	6	11	0	0
a0b8z4	14	14	0	0	0	0
a0b9r5	14	0	2	12	0	0
a0c0h7	14	0	0	14	0	0
a0b3k4	14	12	2	0	0	0
a0b9u2	14	8	6	1	0	0
a0b6j4	14	11	3	0	0	0
a0c0i7	14	6	7	5	0	0
a0b7e0	13	10	3	0	0	0
a0b5y3	13	12	1	1	0	0
a0b9r4	13	13	0	0	0	0
a0b9g1	13	11	2	0	0	0
a0b6g5	13	6	6	2	0	0
a0b7b3	13	6	6	3	0	0
a0b5m7	13	6	7	0	0	0
a0b8s8	13	7	6	0	0	0
a0a8c2	13	12	1	0	0	0
a0b7g9	13	13	0	0	0	0
a0b9v6	13	9	4	1	0	0
a0b8x7	13	11	2	1	0	0
a0b9w8	13	13	0	0	0	0
a0b6e4	13	8	5	1	0	0
a0b6g4	13	11	2	0	0	0
a0b2w1	12	11	1	1	0	0
a0c0a4	12	11	1	0	0	0
a0a7e5	12	10	2	2	0	0
a0b7h4	12	7	5	1	0	0
a0a7f8	12	12	0	0	0	0
a0b9i9	12	7	5	3	0	0
a0b9d5	12	9	3	1	0	0
a0b6a6	12	9	3	1	0	0
a0b7e6	12	12	0	0	0	0
a0b6t5	12	3	9	2	0	0
a0b6m0	12	2	9	8	0	0
a0b9e9	12	12	0	0	0	0
a0b6i9	12	7	5	2	0	0
a0b7e5	12	12	0	0	0	0
a0b5n3	12	11	1	0	0	0
a0b9b1	12	6	6	1	0	0
a0b6e3	12	10	2	0	0	0
a0b6b9	12	2	10	7	0	0
a0b6q8	12	10	2	4	0	0
a0b6o3	12	12	0	0	0	0
a0b5p1	12	9	3	1	0	0
a0b7c7	12	11	1	0	0	0
a0b9j8	11	10	1	0	0	0
a0b5p5	11	3	8	4	0	0
a0b5p3	11	10	1	0	0	0
a0b7c0	11	9	2	2	0	0
a0b5t0	11	11	0	0	0	0
a0b9z5	11	8	3	2	0	0
a0b5v5	11	11	0	2	0	0
a0b5z1	11	7	4	0	0	0
a0b6b2	11	11	0	0	0	0
a0b7f7	11	1	5	7	0	0
a0b6r3	11	6	5	4	0	0
a0b5u3	11	6	4	2	0	0
a0b8p4	11	9	2	2	0	0
a0b8u1	11	1	2	8	0	0
a0b6l8	11	8	3	1	0	0
a0b6o7	11	11	0	0	0	0
a0a7a0	11	10	1	1	0	0
a0b6k0	11	7	4	0	0	0
a0b9p8	11	0	8	7	0	0
a0b5v1	10	3	4	6	0	0
a0b6z1	10	1	5	7	0	0
a0c0i3	10	0	0	10	1	0
a0b9x4	10	4	1	5	0	0
a0b9l7	10	10	0	0	0	0
a0c0f3	10	9	1	0	0	0
a0b9z2	10	5	5	3	0	0
a0b9c2	10	0	0	10	0	0
a0b6z3	10	10	0	0	0	0
a0a7g3	10	9	1	0	0	0
a0b5r9	10	10	0	2	0	0
a0b6k2	10	2	8	5	0	0
a0b9z1	10	3	7	2	0	0
a0b5z8	10	0	0	10	1	0
a0b6t8	10	5	5	3	0	0
a0b6d2	10	8	2	0	0	0
a0b9x3	10	7	3	0	0	0
a0c0c3	9	7	2	1	0	0
a0b9i1	9	9	0	0	0	0
a0c0j1	9	0	1	9	0	0
a0b6s0	9	1	2	7	2	0
a0b8o7	9	3	6	0	0	0
a0b1g8	9	7	2	0	0	0
a0b5o7	9	0	0	9	0	0
a0b5o8	9	2	7	3	0	0
a0b9o1	9	8	1	1	0	0
a0a7c3	9	8	1	0	0	0
a0a6y6	9	9	0	0	0	0
a0b1u5	9	7	2	0	0	0
a0b5y4	9	3	4	2	0	0
a0b9i5	9	6	3	0	0	0
a0b5u4	9	5	4	1	0	0
a0b9x6	9	9	0	0	0	0
a0c0b3	9	0	0	9	0	0
a0b9o7	9	0	4	5	0	0
a0b6g9	9	9	0	1	0	0
a0b9y6	8	5	3	4	0	0
a0b9c6	8	6	2	0	0	0
a0b8t4	8	0	0	8	0	0
a0b9j6	8	6	2	0	0	0
a0a7e1	8	4	3	3	0	0
a0b7f4	8	2	6	1	0	0
a0b9u1	8	0	0	8	0	0
a0c0f9	8	0	0	8	1	0
a0a7c4	8	0	0	8	1	0
a0b7f9	8	0	0	8	0	0
a0a7f3	8	1	7	0	0	0
a0b8u4	8	1	6	4	0	0
a0b7a4	8	5	3	1	0	0
a0b8q9	8	0	0	8	0	0
a0b1s1	7	6	1	0	0	0
a0b9m8	7	6	1	0	0	0
a0b8r1	7	0	7	7	0	0
a0b6s4	7	2	5	3	0	0
a0c0f4	7	3	4	2	0	0
a0b8r4	7	7	0	0	0	0
a0b9n4	7	0	0	7	1	0
a0b9h4	7	5	2	1	0	0
a0c0b7	7	3	4	0	0	0
a0c0d6	7	6	1	1	0	0
a0c0g3	7	7	0	1	0	0
a0b7i9	7	4	3	2	0	0
a0c0e0	7	3	4	1	0	0
a0b9b6	7	2	2	4	0	0
a0b8y2	7	4	2	1	0	0
a0b5z7	7	2	2	4	0	0
a0b7h3	7	5	2	0	0	0
a0b5t7	7	0	7	2	0	0
a0b5t5	7	0	5	6	0	0
a0b6a1	7	6	0	0	0	0
a0c0e4	7	5	2	0	0	0
a0b7d2	7	2	2	4	0	0
a0b7f1	7	4	3	0	0	0
a0b5n1	7	4	3	0	0	0
a0b9i2	7	5	2	0	0	0
a0b6p7	7	7	0	0	0	0
a0b7d1	7	2	4	2	0	0
a0b9k8	7	2	5	4	0	0
a0b9t5	6	4	2	1	0	0
a0b7e1	6	2	4	2	0	0
a0b2v8	6	0	6	4	0	0
a0b7e9	6	0	5	1	0	0
a0b7j1	6	6	0	0	0	0
a0b6q7	6	6	0	0	0	0
a0b6s5	6	5	1	0	0	0
a0b6x4	6	5	1	0	0	0
a0b9q3	6	0	5	4	0	0
a0b6s8	6	6	0	0	0	0
a0b9x1	6	3	3	1	0	0
a0b6d4	6	6	0	0	0	0
a0b7i1	6	1	5	0	0	0
a0b5l7	6	4	2	0	0	0
a0b5p9	6	5	1	0	0	0
a0b6g0	6	0	0	6	0	0
a0b5q4	6	6	0	1	0	0
a0b6r9	6	5	1	0	0	0
a0c0j3	6	0	4	6	1	0
a0b7f8	6	2	4	3	0	0
a0c0a7	6	2	4	3	0	0
a0b8z2	6	4	2	0	0	0
a0c0h0	6	0	5	1	0	0
a0b9d4	6	5	1	1	0	0
a0b6r8	6	4	2	0	0	0
a0b9c3	5	1	1	3	0	0
a0b9d2	5	5	0	0	0	0
a0b6n3	5	1	3	1	0	0
a0c0e7	5	0	5	1	0	0
a0b6l1	5	4	1	1	0	0
a0a6z3	5	5	0	0	0	0
a0b6a8	5	5	0	1	0	0
a0c0e5	5	4	1	0	0	0
a0b5n5	5	5	0	0	0	0
a0b6w4	5	2	3	2	0	0
a0a7e0	5	2	3	0	0	0
a0a7f0	5	5	0	0	0	0
a0b6m2	5	3	2	1	0	0
a0b9g4	5	2	3	0	0	0
a0b9c7	5	0	0	5	0	0
a0b5s9	5	0	0	5	0	0
a0b7d3	5	3	0	2	1	0
a0c0j0	5	2	0	3	0	0
a0b9f7	5	3	2	1	0	0
a0a9j4	4	4	0	0	0	0
a0c0c4	4	3	1	0	0	0
a0b8z3	4	2	2	0	0	0
a0c0h1	4	3	1	0	0	0
a0c0c5	4	3	1	1	0	0
a0c0a3	4	0	0	4	0	0
a0b6x7	4	1	3	1	0	0
a0b8o5	4	2	2	0	0	0
a0b9d7	4	0	0	4	0	0
a0c0e9	4	4	0	0	0	0
a0b9f4	4	4	0	0	0	0
a0b6e6	4	0	1	4	0	0
a0b7b8	4	2	2	2	0	0
a0b9f5	4	0	0	4	0	0
a0b9w9	4	3	1	0	0	0
a0c0d1	4	3	1	1	0	0
a0a7d2	4	1	0	3	0	0
a0b6j3	4	1	2	2	0	0
a0b9o0	4	3	1	1	0	0
a0b6g6	4	3	1	0	0	0
a0b6m7	4	3	1	0	0	0
a0b9d3	3	1	2	0	0	0
a0c0j2	3	2	1	1	0	0
a0b9n1	3	3	0	0	0	0
a0b6o0	3	3	0	0	0	0
a0c0h9	3	0	0	3	0	0
a0b5z5	3	3	0	0	0	0
a0b9s3	3	0	0	3	0	0
a0a6y8	3	1	2	1	0	0
a0c0i9	3	0	0	3	0	0
a0a6y7	3	0	0	3	1	0
a0b9o9	3	1	2	1	0	0
a0b8y4	3	0	0	3	0	0
a0b9j4	3	3	0	0	0	0
a0b5p8	3	2	1	1	0	0
a0b5l8	3	1	2	0	0	0
a0b6o6	3	0	3	3	0	0
a0b5r0	3	0	2	3	0	0
a0b6u5	3	3	0	0	0	0
a0b8p6	3	1	2	1	0	0
a0b9c9	3	2	1	0	0	0
a0c0a9	3	0	3	0	0	0
a0b9k5	3	0	0	3	0	0
a0b9g5	2	2	0	0	0	0
a0b9s2	2	2	0	0	0	0
a0b7a0	2	0	0	2	0	0
a0b5o3	2	2	0	0	0	0
a0b9w3	2	2	0	0	0	0
a0a7d6	2	0	2	2	0	0
a0b8p1	2	2	0	0	0	0
a0b6i3	2	0	0	2	0	0
a0b9q6	2	0	0	2	0	0
a0b2o2	2	1	1	0	0	0
a0b9o3	2	1	1	1	0	0
a0b8v1	2	0	0	2	0	0
a0b8u0	2	0	0	2	0	0
a0b9z9	2	0	2	1	0	0
a0b6m8	2	0	0	2	0	0
a0b8p9	2	0	1	2	0	0
a0b5s3	2	0	1	1	0	0
a0b6n8	2	1	1	0	0	0
a0b6g8	2	0	0	2	0	0
a0a9a9	2	1	1	0	0	0
a0b9r7	2	0	2	0	0	0
a0a7g4	2	0	1	1	0	0
a0c0b4	2	2	0	0	0	0
a0b8q0	2	0	0	2	0	0
a0b9p6	2	0	0	2	1	0
a0b9n9	2	2	0	0	0	0
a0b9j2	2	0	0	2	1	0
a0b6a0	2	0	0	2	0	0
a0b8s2	2	0	0	2	0	0
a0a6z9	2	0	0	2	0	0
a0b9i7	2	1	0	1	0	0
a0b6i7	2	2	0	0	0	0
a0b6f4	2	0	2	2	0	0
a0b8x9	2	0	0	2	0	0
a0b9s1	2	0	0	2	0	0
a0b6d9	2	1	1	1	0	0
a0b8s9	2	0	0	2	0	0
a0b5p6	2	0	2	1	0	0
a0b6t2	1	0	1	0	0	0
a0b5w3	1	0	1	0	0	0
a0b6x6	1	1	0	0	0	0
a0b9r1	1	0	0	1	0	0
a0b9h1	1	1	0	0	0	0
a0b9s0	1	1	0	0	0	0
a0b9s8	1	1	0	0	0	0
a0b9d6	1	0	1	1	0	0
a0c0i8	1	0	0	1	0	0
a0b8u8	1	1	0	0	0	0
a0b9u3	1	0	0	1	0	0
a0b5v0	1	1	0	0	0	0
a0c0d4	1	0	0	1	0	0
a0b8x8	1	0	0	1	0	0
a0b7f5	1	1	0	0	0	0
a0a7a1	1	0	0	1	0	0
a0b9i4	1	0	1	1	0	0
a0b5w9	1	0	0	1	0	0
a0b6q1	1	0	1	1	0	0
a0b5y2	1	0	1	0	0	0
a0b8q5	1	0	1	1	0	0
a0b9f0	1	0	0	1	0	0
a0b8t7	1	0	1	0	0	0
a0c0b2	1	0	0	1	0	0
a0b9m0	1	0	0	1	1	0
a0b7b0	1	0	0	1	0	0
a0b6g3	1	0	0	1	0	0
a0b9p0	1	0	1	0	0	0
a0b9e6	1	0	0	1	0	0
a0a9d4	1	1	0	0	0	0
a0b8x2	1	0	1	0	0	0
a0b9x9	1	1	0	0	0	0
a0c0i1	1	0	1	1	0	0
a0b5r6	1	0	0	1	0	0
a0b6e1	1	0	0	1	0	0
a0a7c2	1	0	1	0	0	0
a0b9h0	1	0	0	1	1	0

[969 rows]
